{"bitcoin.pdf": {"size": 184292, "mtime": 1746739270.0989995, "last_processed": 1746739291.1155818}, "11-Sistemadearchivos.pdf": {"size": 3187438, "mtime": 1746738493.5751584, "last_processed": 1746738784.062496}}