{"2410.09871v2.pdf": {"size": 553449, "mtime": 1746454684.275129, "last_processed": 1746463385.6657095}}