{"L00001-00088.pdf": {"size": 1024768, "mtime": 1746975686.465466, "last_processed": 1746975724.5911126}}