{"programming-language-pragmatics-2ed.pdf": {"size": 8580323, "mtime": 1746061704.6982534, "last_processed": 1746646874.2761495}}